96e797e7-d0b3-4b0c-9b94-de2bf28873dd;C29313
f6710171-3f0a-4ebf-81aa-91369b6aa886;C02296
5f6c179b-d232-4cee-9ebc-671fb688bc86;C27027
b449e131-7578-4774-bbeb-67cb87923943;C15491
45126a3b-6c17-42cb-873b-dcb056b6e669;C29105
4443b864-28a2-490d-8c4d-97f27c5e8f85;Ph20519
1dbf6a58-f954-4c05-a89c-d0f5c099a39b;C30994
96c8e193-768f-4d96-96fe-49929243118f;C29118
b1d53df2-1134-4a6a-b891-2976fd6920a5;C19953
6310ccdb-82f0-4b2a-94d8-2364ad5f4bd5;C09193
51d4c3e8-adff-49e9-ba5c-c25425521133;Ph01295
37091280-f1f8-4b45-a0c3-d843c77f3f9b;C12197
bbcf0893-992c-4973-a827-cb92c5c9f658;Ph23990
1145f7b0-db79-4585-bb6b-d6878d341a28;Ph00346
83d0af07-09bb-4694-a62c-ee8c28877360;C28454
158fff12-134f-453d-8e34-097a1b8bf499;C06854
3a9bf421-8f3b-4083-9051-00b79000561c;Ph00021
9b410684-c018-48bd-a14e-0f8bc9e692b3;C18979r
0eb9fe4c-541e-43d1-9ea8-bf88de1e7490;C19968
ce9a6cc7-980c-4a38-b00d-76ee110b3b2b;C29103
11e72c97-1114-43ea-a647-afd832a33d63;Ph04298
1c2244f0-6695-4473-a665-fe6fa8eeeeec;C07969
09ca1c89-63b8-4b6b-9933-c1f53ba0e335;Ph03594
467f4d80-60c4-492e-aeb9-258e6e6e8345;C11972
1839d8c0-91c9-4d3e-9287-57cb3f53af0a;C22599
c8c16203-01b3-4d1e-ab34-7c3dc6725d09;C07975
7902b38e-dd5e-4b41-a7c8-ade36413d344;C02749
c92fb887-afd9-4939-9078-f19f40dfc28f;C22587
049e8632-6660-4da0-8bc4-be7c442f63fb;Ph00040
8544e2b9-a054-4555-8446-c1d1de2d1524;Ph00053
2abc4e6f-bf93-4a86-b71c-a7951da615e9;C04363
243c5c10-9811-4530-a115-59852beb03a2;C22571
7303c2b2-00ce-4e23-aaf9-0515faf1fd01;C30056
7b4d7d6c-dffb-4ac1-9451-2fa3037b04b0;Ph19784
16f205c6-f40b-4917-ad33-1b43d1c264d7;Ph02571
f4bc2670-c66a-4957-8923-debe8cb69185;Ph00135
bf255777-91f0-4b43-8e63-038f51b9db53;C04365
e91cbe84-fb09-4ea9-afed-15181e531629;C03417
c1d5a5ca-0b9b-4c12-84fd-f70ef198e65e;C07960
cf83ef7a-3d97-4ed5-ab4c-42d35425386c;Ph19741,14
b476c4d0-9f06-435c-ba3e-00b4928e4b3f;C17720
29b5b73c-959c-4a6a-9588-ef70b07b1fa2;C04792d
b2d26786-7fae-4a4a-9add-499ca32983bd;C04358
09340bed-c62d-489a-bd79-dec9f964dd0b;C18979m
bec6aa46-c339-46a4-abbb-a0c0b7ab3ec8;C18979n
efb71098-f38b-49e1-9353-67aa707dc60e;C29315
ee7eb351-81b9-4505-9243-2e4827039ff2;C19974
e3ecfd64-8e95-48ec-a2e1-a902b37c42ac;C04357
2990f576-94bf-4417-b7e4-f4d1b76da8f0;C19972
365a320a-b986-40da-bc97-28e6f5cf19b5;C18979d
7fea999b-3f0f-41b6-9b07-3943ad37d0ec;C10544,1
732f98f1-ebed-44eb-94d4-a8c9e2343819;C02737
f6bfbb61-6f79-4ca4-a4fd-33976828fba8;C07985
5414dc81-8814-4202-937e-0998fb11113f;C11975
4c0756b9-d36b-42ea-9734-d3ee54055184;C03089
5a0edc8b-b8f5-4cd5-8516-c01f5d6eb64d;C07992
1a79b570-edba-4cfa-9542-37e61d8df1ca;C07993
bc0c92c6-5d6c-484d-b461-75a2dded909d;Ph20505
3e4ff813-651f-4f47-bab6-caae3e531317;C19957
741f1de5-ca17-43c7-8e5e-8db0f187eec3;C29109
c26853b8-422c-4376-bc96-f38d924f1171;C29110
edca7ac5-63b2-4794-9951-a703f6189ba9;Ph07838
26b9f6a5-eeec-44d0-b8b7-299335ad25e4;C29333
646e6c45-da51-4742-8cff-bd8e7c6955c6;C07977
93dae370-0ecd-4e68-9de3-9e11d9749faa;C27047
158b6224-4533-4db3-8586-e936fa51d6ba;C19952
eae77ef0-ec31-4b20-af3f-005816e559a2;C29121
e028376d-2efa-4d95-bee1-6ac4e9dfa59a;C02756
09b06dee-b7c0-45a1-8d36-f9709012fe94;C02755
a364fd33-7abd-44de-b463-947f530d9dd8;Ph00071
cfa3a938-bd44-4f5b-85f4-2603e2e00ab4;C03088
7b99728f-8027-4520-8f71-f275768c7c5d;C09731
464ad719-90ed-4e26-92a6-8615f06d3f5c;C09730
8b97a891-1298-476a-b3e4-2a380fde201b;C09088
fa182742-43f2-4430-b65e-3f9294b71dcd;C05494
894910b2-6b3c-493b-8848-75eacb688d2b;C11973
71d8be57-986c-45b7-b1e7-cf7e0b082137;C22603
6f9b36ce-46fd-4943-b98f-02669e0f8d6f;C29095
faf85cc9-db33-4c0b-84bb-da73226ffd72;C30072
5ea8db71-a89a-4ac8-9267-124fe37bf625;Ph02573
85c388ec-a4bd-47fa-ae08-83207f364282;C02740
95ce0c16-f53c-46f7-a7a8-1c9f3ac74943;C09727
a4af5021-26c5-4318-86e4-7d3336ff7031;C07406
14caa5b2-ada1-4597-9e22-93352f1128ec;C17725
1cad847e-13b5-4b7f-af7f-2ea448518798;C17732
f552ca23-6a23-4978-8937-b506591b9796;Ph00865
4fd457b9-1422-424e-adb1-18aed443301a;Ph19741,07
88ceac29-82b9-445c-9820-2fa369f229fb;C28063
b0219151-6774-4e1a-908c-e1a17fc55dca;C03416
713d4f4d-246e-414a-b4af-3366d6335679;C04366
93ee6b4b-9ef6-4853-b468-65f9dafb2812;C02763
b7c242f6-f069-4573-b71e-7d0ab22da893;C27048
d4367307-58ef-4aa8-9f28-9f82c1d011ac;C19977
397c50ff-7cc0-4780-9a5f-7a36e7eead7e;C03269
ae6f9e22-92d9-4811-a04b-178aff504629;C07844
e86ccf96-8ffe-4ecb-ae0d-1e58b355bb47;C35082
58be515a-98b9-4c29-a203-aabbe9012112;C22570
89a35d55-414d-4129-b455-374e1be505b4;C22604
b4edb2bb-6f0e-4063-aecd-d87bc8f09aaa;C27040
f9309424-de7d-4690-ac3e-58653ddac692;C29353
85dd6e8c-0352-4aea-92ef-e467ac7ee681;C03421
a6855e34-b42d-48fa-8f05-23b4c1557e1a;C13304
f81f3578-c624-4f8a-9bfb-bb56413d8353;Ph01289
6137e787-e6ca-45fd-bb8c-1c2348a35a35;C25721
938da236-a174-42d3-a966-6bc3766b37d2;C29321
bc4f9c6a-b22b-4da0-b8d9-25d38c0e600d;Ph07847
d5095ac5-f637-4c80-9ef7-2d340392bf0a;Ph00117
9e50ecc5-e810-46fa-9775-805719245513;C18979,2
0c1fcc8d-b51f-4df9-8837-e6cbb259d4ca;C07987
6b4db9fa-a7c9-4a83-880f-3ed0c6672eee;C18979,5
6477fb63-e100-41c5-bd29-f6fad95194ed;C18979,6
9db6ad62-70c1-4e9a-a004-c808eb9102ca;C10833
745d4f1b-0355-48f0-a24d-50e7066f9d5d;C02747
8994eece-19d7-4331-87fd-79fa168b0353;Ph22383
c56bc9eb-8ec3-4a6d-bbf7-25011a2fc4d2;C02748
1109e4d9-28f9-4499-9614-68944dbbe2a0;C29097
6e5aab5c-f7a9-450d-8c8c-19398bb6107e;C29098
0270a90f-5415-4029-be6c-877837d50ced;C22558
f3d38a9b-f8c9-4f1b-962f-ce53afc9b4d8;C07998
71bb7481-916a-443c-91d7-6919fa1623ba;C11974
6379db5f-e659-46dc-8c2b-985b7093b6e0;C12066
ada6be2f-673f-453d-aa5a-88102a7c4f65;C22602
d5b5675b-eafc-4285-86b9-d420e543f34c;C29137
a9a7af36-fc48-4dca-89fb-578c1cc8096e;C22605
e4ac240f-0896-4c6b-9ea0-73afd8220764;C04368
bd5c9bbf-4d8e-425d-aea7-76c3c7432eba;C22563
d84c216a-04f5-498e-86f3-deb0a3a5e5ce;C29323
1acf3dc4-36d5-46a1-80a6-ac0af9ce3118;C29299
cc81d952-9fbf-4f91-8b24-4be826930516;C29317
43afe350-40ae-4951-a67a-6b675ff10d7c;C15348
